{"cameraMode":{"drawMode":0,"name":"Shaded","section":"Shading Mode"},"sceneLighting":false,"audioPlay":false,"sceneViewState":{"showFog":true,"showMaterialUpdate":false,"showSkybox":false,"showFlares":true,"showImageEffects":true,"showParticleSystems":true},"in2DMode":false,"pivot":{"x":-0.07536107301712036,"y":0.4961417615413666,"z":-0.047276973724365237},"rotation":{"x":-0.000028826461857534014,"y":0.9999794363975525,"z":-0.004499541129916906,"w":-0.008998733013868332},"size":2.5578837394714357,"orthographic":false}