{"cameraMode":{"drawMode":0,"name":"Shaded","section":"Shading Mode"},"sceneLighting":false,"audioPlay":false,"sceneViewState":{"showFog":true,"showMaterialUpdate":false,"showSkybox":true,"showFlares":true,"showImageEffects":true,"showParticleSystems":true},"in2DMode":false,"pivot":{"x":1.533033013343811,"y":-2.291001319885254,"z":-2.7793476581573488},"rotation":{"x":-0.29556021094322207,"y":0.39407292008399966,"z":-0.13502517342567445,"w":-0.8598959445953369},"size":29.859140396118165,"orthographic":false}