{"cameraMode":{"drawMode":0,"name":"Shaded","section":"Shading Mode"},"sceneLighting":false,"audioPlay":false,"sceneViewState":{"showFog":true,"showMaterialUpdate":false,"showSkybox":false,"showFlares":true,"showImageEffects":true,"showParticleSystems":true},"in2DMode":false,"pivot":{"x":3.4560000896453859,"y":0.09000001847743988,"z":0.0},"rotation":{"x":-0.029791992157697679,"y":0.9188615679740906,"z":-0.0707162395119667,"w":-0.3870806097984314},"size":2.8578836917877199,"orthographic":false}